label,text
ham,"Karnataka Department of Electronics, IT and Biotechnology announces applications for the Rajiv Gandhi Entrepreneurship Program for science and engineering graduates."
ham,"Government entrepreneurship programme applications are open for eligible Karnataka innovators. Apply through the official department portal before the stated deadline."
ham,"Official grant announcement: selected early-stage innovators receive a monthly stipend of Rs 25,000 for twelve months to develop a startup."
ham,"Karnataka government startup support programme offers early-stage funding and mentorship for eligible graduate innovators."
ham,"Rajiv Gandhi Entrepreneurship Program is a public innovation initiative for science and engineering graduates in Karnataka."
ham,"Department of E IT and BT notice: scan the official application QR code for the government entrepreneurship programme."
ham,"Government scheme application deadline is 31 August at 5 PM. Verify eligibility and submit documents through the official portal."
ham,"Official university notice: students may apply for a government innovation fellowship with a monthly stipend and startup support."
ham,"Public sector startup programme invites applications from qualified graduates. This is an official funding and mentoring opportunity."
ham,"Karnataka Tech Department announcement for innovators: early-stage funding is available under the entrepreneurship programme."
ham,"Government-funded innovation programme supports student founders for a twelve month incubation period."
ham,"Science and engineering graduates can apply to the official state entrepreneurship initiative before the closing date."
ham,"Official QR code on a government poster links to the programme application, eligibility criteria and deadline."
ham,"State innovation cell announcement: funding support and a monthly fellowship are available for selected startup proposals."
ham,"Rajiv Gandhi entrepreneurship scheme helps eligible Karnataka graduates turn research and innovation ideas into startups."
ham,"Department of IT and Biotechnology government poster: applications open for the recognised entrepreneurship programme."
ham,"Legitimate public grant notice: applicants should use the official website and never pay a fee to claim support."
ham,"Startup Karnataka programme advertises an official application date, funding benefits, mentorship and eligibility requirements."
ham,"Government innovation fellowship offers a stipend for selected applicants after review of their technical startup proposal."
ham,"University entrepreneurship cell shares official state grant opportunities with students and recent engineering graduates."
